n_cascades,mean,std,normalized
50,38.0,0.0,0.974359
100,37.99,0.0995,0.974103
200,37.995,0.0705,0.974231
300,37.9933,0.0814,0.974188
400,37.9925,0.0863,0.974167
500,37.99,0.0995,0.974103
